<?xml version="1.0" encoding="UTF-8"?>
<project-private xmlns="http://www.netbeans.org/ns/project-private/1">
    <editor-bookmarks xmlns="http://www.netbeans.org/ns/editor-bookmarks/2" lastBookmarkId="0"/>
    <open-files xmlns="http://www.netbeans.org/ns/projectui-open-files/2">
        <group>
            <file>file:/E:/project/group%20no.15_OPAS/SOURCE%20CODE/opas1/web/right.jsp</file>
            <file>file:/E:/project/group%20no.15_OPAS/SOURCE%20CODE/opas1/web/download.jsp</file>
            <file>file:/E:/project/group%20no.15_OPAS/SOURCE%20CODE/opas1/web/first.jsp</file>
            <file>file:/E:/project/group%20no.15_OPAS/SOURCE%20CODE/opas1/web/uploadresume.jsp</file>
            <file>file:/E:/project/group%20no.15_OPAS/SOURCE%20CODE/opas1/web/header.jsp</file>
            <file>file:/E:/project/group%20no.15_OPAS/SOURCE%20CODE/opas1/web/cvinsert.jsp</file>
            <file>file:/E:/project/group%20no.15_OPAS/SOURCE%20CODE/opas1/web/adminleft.jsp</file>
        </group>
    </open-files>
</project-private>
